Domain,Price
SelfDrivingCar.com,"$949,900.00"
CreditScores.com,"$823,995.00"
Yol.com,"$775,095.00"
PriceAlert.com,"$620,095.00"
NotionsArmor.com,"$500,000.00"
BetTips.com,"$495,895.00"
GovernmentRunHealthcare.com,"$350,000.00"
BetPlace.com,"$345,095.00"
ClickOn.com,"$344,095.00"
JobAlert.com,"$344,095.00"
PotPot.com,"$309,095.00"
CashClearance.com,"$299,900.00"
ByeBye.com,"$287,095.00"
Destinos.com,"$270,095.00"
ExtraFit.com,"$256,095.00"
YourTicket.com,"$256,095.00"
Merchandiser.com,"$254,095.00"
BusinessModel.com,"$249,095.00"
MyPayments.com,"$249,095.00"
my.cc,"$239,999.00"
GoldBets.com,"$225,095.00"
OfferProp.com,"$219,000.00"
FitMen.com,"$215,095.00"
OnlineMedical.com,"$215,095.00"
HandTools.com,"$214,095.00"
HomeGood.com,"$214,095.00"
HouseServices.com,"$214,095.00"
ProjectCrypto.com,"$190,195.00"
AlertSystem.com,"$179,095.00"
FinancialLoan.com,"$179,095.00"
MyParts.com,"$179,095.00"
OnlineCart.com,"$179,095.00"
TurboJet.com,"$174,095.00"
HomeDecorations.com,"$173,995.00"
HomeSchooler.com,"$172,095.00"
OnlineCampus.com,"$163,095.00"
AutoAuctions.com,"$163,095.00"
Hisse.com,"$160,095.00"
LowGo.com,"$153,095.00"
BestThings.com,"$153,095.00"
CountryFurniture.com,"$153,095.00"
InSoul.com,"$153,095.00"
KitchenEssentials.com,"$153,095.00"
Race.net,"$151,695.00"
MyDiamond.com,"$150,095.00"
BedShop.com,"$150,095.00"
HairDesign.com,"$144,095.00"
Kredito.com,"$144,095.00"
Rankers.com,"$142,095.00"
SelfDriver.com,"$136,095.00"
BookList.com,"$136,095.00"
FastShare.com,"$136,095.00"
GameHall.com,"$136,095.00"
Wify.com,"$136,095.00"
Necklet.com,"$134,900.00"
Politics.net,"$134,695.00"
PayShip.com,"$134,095.00"
RoofingRepair.com,"$134,095.00"
FatTransfer.com,"$134,095.00"
MaxShopping.com,"$134,095.00"
Arabalar.com,"$133,895.00"
Css.net,"$133,295.00"
GreenSales.com,"$130,095.00"
TechnologyJobs.com,"$130,095.00"
music.cc,"$129,999.00"
BodyFix.com,"$129,095.00"
Bohem.com,"$128,095.00"
Chala.com,"$128,095.00"
OfficeRental.com,"$128,095.00"
Cilt.com,"$128,095.00"
Howable.com,"$124,500.00"
LocalJob.com,"$123,095.00"
Jugi.com,"$123,095.00"
TravelDirectory.com,"$123,095.00"
WatchSeries.com,"$121,095.00"
LineBacking.com,"$119,900.00"
Drink.net,"$119,095.00"
GreenProject.com,"$117,095.00"
TaxShield.com,"$117,095.00"
Muca.com,"$114,095.00"
Scooty.com,"$114,095.00"
CareerSolutions.com,"$111,095.00"
Econs.com,"$111,095.00"
Grase.com,"$111,095.00"
Senf.com,"$111,095.00"
Ryz.com,"$110,095.00"
CepTelefonu.com,"$108,095.00"
CrmSystem.com,"$108,095.00"
PartyBusRental.com,"$108,095.00"
PinPon.com,"$108,095.00"
UvSterilizer.com,"$108,095.00"
ArabEmirates.com,"$108,095.00"
LoanApplications.com,"$108,095.00"
Roading.com,"$108,095.00"
DebtSupport.com,"$107,095.00"
KitchenStyle.com,"$107,095.00"
PonPon.com,"$107,095.00"
Cila.com,"$103,095.00"
Kods.com,"$103,095.00"
OnlinePersonalTrainer.com,"$103,095.00"
SavingExpert.com,"$103,095.00"
ShareAll.com,"$103,095.00"
FitnessMotivation.com,"$102,095.00"
OneB.com,"$102,095.00"
Trinkets.com,"$102,095.00"
AskAQuestion.com,"$102,095.00"
DotGroup.com,"$102,095.00"
Phyo.com,"$102,095.00"
Trck.com,"$102,095.00"
Twap.com,"$102,095.00"
Ugoo.com,"$102,095.00"
Vesu.com,"$102,095.00"
SuccessTalent.com,"$100,000.00"
Contractors.org,"$96,695.00"
Endozoa.com,"$95,000.00"
AquaFizz.com,"$95,000.00"
TurbineRacing.com,"$95,000.00"
Untuned.com,"$94,900.00"
Aarex.com,"$94,495.00"
aftmkt.com,"$92,432.00"
EnergyCalculator.com,"$90,095.00"
FragranceOil.com,"$90,095.00"
LuxuryRoom.com,"$90,095.00"
ModularFurniture.com,"$90,095.00"
VacationHomeRental.com,"$90,095.00"
Numara.com,"$90,095.00"
PrivateShopping.com,"$90,095.00"
RoofReplacement.com,"$90,095.00"
BlueFishing.com,"$90,000.00"
Masorite.com,"$90,000.00"
MadResearch.com,"$89,900.00"
AboutU.com,"$89,095.00"
CountryCookers.com,"$89,000.00"
Dually.com,"$86,095.00"
Kebap.com,"$86,095.00"
TravelReservation.com,"$86,095.00"
AirCooler.com,"$86,095.00"
CasinoRooms.com,"$86,095.00"
Minery.com,"$86,095.00"
Refacing.com,"$86,095.00"
Umar.com,"$86,095.00"
BibleO.com,"$85,500.00"
FamilyTrips.com,"$85,095.00"
MedicalTools.com,"$85,095.00"
Peeling.com,"$85,095.00"
TrendyShoes.com,"$85,095.00"
DesertRetirement.com,"$85,000.00"
Landholders.com,"$82,195.00"
DjRemix.com,"$82,095.00"
Cager.com,"$81,095.00"
IWomen.com,"$81,095.00"
RusticDecor.com,"$81,095.00"
Yozi.com,"$81,095.00"
Bookmarking.com,"$81,095.00"
BookScout.com,"$81,095.00"
LoanProvider.com,"$81,095.00"
MarketingTraining.com,"$81,095.00"
Aadaa.com,"$79,195.00"
Konakla.com,"$77,195.00"
OrthopedicShoes.com,"$75,095.00"
Avantaj.com,"$75,095.00"
Emeklilik.com,"$75,095.00"
LedPanel.com,"$75,095.00"
ProxyList.com,"$75,095.00"
SimCards.com,"$75,095.00"
Mr.co.uk,"$75,095.00"
CentralDecor.com,"$74,900.00"
If.co.uk,"$74,495.00"
RadioShow.com,"$74,095.00"
Hypersensibility.com,"$74,000.00"
Talue.com,"$74,000.00"
Scisa.com,"$72,595.00"
CashSystem.com,"$72,095.00"
Ricer.com,"$72,095.00"
3tr.com,"$72,095.00"
DoubleBed.com,"$72,095.00"
TorrentDownload.com,"$72,095.00"
Bear.net,"$71,195.00"
GamingDesk.com,"$71,095.00"
Forij.com,"$70,095.00"
CounterShock.com,"$70,000.00"
LlShi.com,"$69,795.00"
FaroFinancial.com,"$69,195.00"
Esya.com,"$69,095.00"
Sp.co.uk,"$68,895.00"
Elimination.com,"$68,095.00"
FlightPlanner.com,"$68,095.00"
Segt.com,"$68,095.00"
TheShake.com,"$68,095.00"
CareerAtHome.com,"$68,095.00"
JewelryDesign.com,"$68,095.00"
MedicalLoans.com,"$68,095.00"
Toppings.com,"$68,095.00"
Vogu.com,"$67,095.00"
Youw.com,"$67,095.00"
webcams.net,"$66,640.00"
Tolga.com,"$66,095.00"
Maddies.com,"$65,095.00"
JumpWord.com,"$64,800.00"
Apartman.com,"$64,095.00"
BodyContour.com,"$64,095.00"
GamingKeyboard.com,"$64,095.00"
HealthGuides.com,"$64,095.00"
LoveLocks.com,"$64,095.00"
NetworkConsultants.com,"$64,095.00"
PersonalDriver.com,"$64,095.00"
Prefabrication.com,"$64,095.00"
ThermalWear.com,"$64,095.00"
VillaDesign.com,"$64,095.00"
Eskici.com,"$64,095.00"
FashionClothes.com,"$64,095.00"
PolyRisk.com,"$63,895.00"
Savly.com,"$62,495.00"
Oy.co.uk,"$62,195.00"
PrettyFuckingAwesome.com,"$61,995.00"
quasar.net,"$61,778.00"
Jetie.com,"$61,595.00"
PatioClearance.com,"$61,300.00"
Gc2.com,"$61,095.00"
FindName.com,"$61,095.00"
Ebank.net,"$60,395.00"
Davet.com,"$60,095.00"
GamePoker.com,"$60,095.00"
Sezon.com,"$60,095.00"
WallTiles.com,"$60,095.00"
Adorer.com,"$60,000.00"
ElectricalEngine.com,"$59,800.00"
FoldingPhone.com,"$58,888.00"
PreciousStones.com,"$58,095.00"
Nominations.com,"$58,095.00"
MomentumLabs.com,"$57,795.00"
Cosignatory.com,"$57,700.00"
Pawak.com,"$57,395.00"
Beadwork.com,"$57,095.00"
Chave.com,"$57,095.00"
Motte.com,"$57,095.00"
Reyhan.com,"$57,095.00"
RunningWorld.com,"$57,095.00"
SmartMetal.com,"$57,095.00"
StyleFashion.com,"$57,095.00"
WorkHours.com,"$57,095.00"
Dentical.com,"$57,095.00"
FunTest.com,"$57,095.00"
NextYear.com,"$57,095.00"
TorrentDownloads.com,"$57,095.00"
TheCottages.com,"$56,095.00"
FullAccounting.com,"$56,000.00"
Oz.uk,"$55,595.00"
GradingBook.com,"$55,095.00"
FireJuggling.com,"$55,000.00"
Mr.uk,"$54,995.00"
Od.uk,"$54,595.00"
He.co.uk,"$54,395.00"
Externals.org,"$54,332.00"
HomeSolarPanels.com,"$54,095.00"
ItalianRecipes.com,"$54,095.00"
Kadinlar.com,"$54,095.00"
MyDestinations.com,"$54,095.00"
SofaCovers.com,"$54,095.00"
Commis.com,"$54,095.00"
DirectShare.com,"$54,095.00"
OnlineStreaming.com,"$54,095.00"
Valiz.com,"$54,095.00"
WholesaleTires.com,"$54,095.00"
BerryWild.com,"$54,000.00"
Ta.uk,"$53,895.00"
Wb.uk,"$53,195.00"
Ta.co.uk,"$52,995.00"
FashionStores.com,"$52,095.00"
Formular.com,"$52,095.00"
MotorcycleDealers.com,"$52,095.00"
PlasmaAuthority.com,"$52,000.00"
SavageDog.com,"$51,800.00"
HeelsProtection.com,"$51,495.00"
BankSystem.com,"$51,095.00"
CoalMine.com,"$51,095.00"
DownloadTorrent.com,"$51,095.00"
E-Hotel.com,"$50,095.00"
Encrypts.com,"$50,095.00"
ExpertAdvisors.com,"$50,095.00"
Kofte.com,"$50,095.00"
Mechanika.com,"$50,095.00"
MovieStreams.com,"$50,095.00"
Akif.com,"$50,095.00"
Kosk.com,"$50,095.00"
LanguageSchools.com,"$50,095.00"
LuxuryCosmetics.com,"$50,095.00"
PlayScript.com,"$50,095.00"
UsedTractors.com,"$50,095.00"
VoterProtection.com,"$50,095.00"
MicroMeteorite.com,"$50,000.00"
Annulets.com,"$50,000.00"
AnswerPile.com,"$50,000.00"
Destroyable.com,"$50,000.00"
getfacts.com,"$49,809.00"
web3simulator.com,"$49,789.00"
weinercise.com,"$49,789.00"
nftns.com,"$49,758.00"
pushlets.com,"$49,758.00"
louise.cc,"$49,758.00"
mondo.cc,"$49,758.00"
nine.cc,"$49,758.00"
olympic.cc,"$49,758.00"
palace.cc,"$49,758.00"
payment.cc,"$49,758.00"
policy.cc,"$49,758.00"
pop.cc,"$49,758.00"
pray.cc,"$49,758.00"
prod.cc,"$49,758.00"
rap.cc,"$49,758.00"
redirect.cc,"$49,758.00"
registered.cc,"$49,758.00"
renting.cc,"$49,758.00"
reserve.cc,"$49,758.00"
rsvp.cc,"$49,758.00"
sandbox.cc,"$49,758.00"
loki.cc,"$49,758.00"
lunch.cc,"$49,758.00"
man.cc,"$49,758.00"
mediate.cc,"$49,758.00"
menu.cc,"$49,758.00"
menus.cc,"$49,758.00"
misc.cc,"$49,758.00"
mix.cc,"$49,758.00"
momentous.cc,"$49,758.00"
monthly.cc,"$49,758.00"
movietrailers.cc,"$49,758.00"
newwave.cc,"$49,758.00"
niles.cc,"$49,758.00"
none.cc,"$49,758.00"
partner.cc,"$49,758.00"
plain.cc,"$49,758.00"
pops.cc,"$49,758.00"
popup.cc,"$49,758.00"
powers.cc,"$49,758.00"
premiere.cc,"$49,758.00"
punk.cc,"$49,758.00"
question.cc,"$49,758.00"
records.cc,"$49,758.00"
referral.cc,"$49,758.00"
remix.cc,"$49,758.00"
restricted.cc,"$49,758.00"
reverse.cc,"$49,758.00"
school.cc,"$49,758.00"
seoul.cc,"$49,758.00"
Suugo.com,"$49,595.00"
SocialScience.com,"$49,095.00"
employeedata.com,"$48,942.00"
employment.cc,"$48,942.00"
exe.cc,"$48,942.00"
exit.cc,"$48,942.00"
five.cc,"$48,942.00"
freeemail.cc,"$48,942.00"
greg.cc,"$48,942.00"
hip.cc,"$48,942.00"
hoyt.cc,"$48,942.00"
jobfind.cc,"$48,942.00"
kean.cc,"$48,942.00"
korean.cc,"$48,942.00"
label.cc,"$48,942.00"
landscape.cc,"$48,942.00"
lawsuit.cc,"$48,942.00"
fees.cc,"$48,942.00"
four.cc,"$48,942.00"
freaks.cc,"$48,942.00"
fremont.cc,"$48,942.00"
funk.cc,"$48,942.00"
furs.cc,"$48,942.00"
gabe.cc,"$48,942.00"
gabekean.cc,"$48,942.00"
golden.cc,"$48,942.00"
gregmyers.cc,"$48,942.00"
grover.cc,"$48,942.00"
guess.cc,"$48,942.00"
hint.cc,"$48,942.00"
hiphop.cc,"$48,942.00"
hire.cc,"$48,942.00"
hop.cc,"$48,942.00"
inter.cc,"$48,942.00"
internal.cc,"$48,942.00"
isle.cc,"$48,942.00"
italian.cc,"$48,942.00"
jazz.cc,"$48,942.00"
jill.cc,"$48,942.00"
joe.cc,"$48,942.00"
john.cc,"$48,942.00"
key.cc,"$48,942.00"
keys.cc,"$48,942.00"
labs.cc,"$48,942.00"
language.cc,"$48,942.00"
lars.cc,"$48,942.00"
launch.cc,"$48,942.00"
lense.cc,"$48,942.00"
litigation.cc,"$48,942.00"
liverpool.cc,"$48,942.00"
about.cc,"$48,932.00"
auth.cc,"$48,932.00"
beta.cc,"$48,932.00"
blades.cc,"$48,932.00"
bloke.cc,"$48,932.00"
brice.cc,"$48,932.00"
buysoftware.cc,"$48,932.00"
cdrom.cc,"$48,932.00"
cgi.cc,"$48,932.00"
cheers.cc,"$48,932.00"
cold.cc,"$48,932.00"
coldcut.cc,"$48,932.00"
creditreport.cc,"$48,932.00"
cyber.cc,"$48,932.00"
dancemusic.cc,"$48,932.00"
eight.cc,"$48,932.00"
accident.cc,"$48,932.00"
acquisition.cc,"$48,932.00"
active.cc,"$48,932.00"
antique.cc,"$48,932.00"
any.cc,"$48,932.00"
arthur.cc,"$48,932.00"
calendar.cc,"$48,932.00"
chocolate.cc,"$48,932.00"
cookie.cc,"$48,932.00"
cotton.cc,"$48,932.00"
craps.cc,"$48,932.00"
current.cc,"$48,932.00"
cuts.cc,"$48,932.00"
discs.cc,"$48,932.00"
domani.cc,"$48,932.00"
election.cc,"$48,932.00"
employ.cc,"$48,932.00"
videocams.net,"$48,210.00"
Pwds.com,"$48,095.00"
Qrty.com,"$48,095.00"
AquaBus.com,"$48,095.00"
BabyParty.com,"$48,095.00"
Cakra.com,"$48,095.00"
Mesafe.com,"$48,095.00"
techassociation.com,"$48,067.00"
DoubleBrewed.com,"$48,000.00"
FederalPatrol.com,"$48,000.00"
CubiclePranks.com,"$47,900.00"
Becue.com,"$47,900.00"
SunsetCharter.com,"$47,900.00"
Infracted.com,"$47,800.00"
HealthyVitamins.com,"$47,095.00"
TrendyClothes.com,"$47,095.00"
Oy.uk,"$46,695.00"
Bf.uk,"$46,495.00"
Ez.uk,"$46,495.00"
BuildingContractors.com,"$46,295.00"
ModularKitchen.com,"$46,095.00"
PrivateJobs.com,"$46,095.00"
Aioa.com,"$46,095.00"
SpoofAttack.com,"$46,000.00"
If.uk,"$45,795.00"
GreenBroccoli.com,"$45,500.00"
Parvenue.com,"$45,295.00"
DrivingLicence.com,"$45,095.00"
Ilham.com,"$45,095.00"
Nyxx.com,"$45,095.00"
Parite.com,"$45,095.00"
Rapor.com,"$45,095.00"
SearchFlights.com,"$45,095.00"
Faults.com,"$45,095.00"
GamingComputer.com,"$45,095.00"
Mimarlik.com,"$45,095.00"
MovieTorrents.com,"$45,095.00"
PokerSets.com,"$45,095.00"
ShowerCurtain.com,"$45,095.00"
Uzak.com,"$45,095.00"
QuantSystem.com,"$44,795.00"
ItchProof.com,"$44,500.00"
ScratchCredit.com,"$44,395.00"
Wb.co.uk,"$44,195.00"
CreditScoreRepair.com,"$44,095.00"
Hesapla.com,"$44,095.00"
InternationalHotels.com,"$44,095.00"
AlertSystems.com,"$44,095.00"
Amik.com,"$44,095.00"
BakeryShop.com,"$44,095.00"
GardenLights.com,"$44,095.00"
Koyun.com,"$44,095.00"
Pamuk.com,"$44,095.00"
SpecialServices.com,"$44,095.00"
PreserveFlorida.com,"$44,000.00"
ProjectedProfits.com,"$44,000.00"
RedPagoda.com,"$43,800.00"
WanderlustStyles.com,"$43,500.00"
ResearchOnline.com,"$43,095.00"
Agricole.com,"$43,095.00"
DailyMag.com,"$43,095.00"
LoungeBar.com,"$43,095.00"
MySurprise.com,"$43,095.00"
Zu.uk,"$42,795.00"
CorporateBroadband.com,"$42,400.00"
LuxuryWedding.com,"$42,095.00"
PowerScooter.com,"$42,095.00"
discountresource.com,"$42,087.00"
Vapourous.com,"$42,000.00"
Zolen.com,"$42,000.00"
GamePromoter.com,"$41,500.00"
metatool.com,"$41,260.00"
SelfDrivingCar.com,"$949,900.00"
CreditScores.com,"$823,995.00"
Yol.com,"$775,095.00"
PriceAlert.com,"$620,095.00"
NotionsArmor.com,"$500,000.00"
BetTips.com,"$495,895.00"
GovernmentRunHealthcare.com,"$350,000.00"
BetPlace.com,"$345,095.00"
ClickOn.com,"$344,095.00"
JobAlert.com,"$344,095.00"
PotPot.com,"$309,095.00"
CashClearance.com,"$299,900.00"
ByeBye.com,"$287,095.00"
Destinos.com,"$270,095.00"
ExtraFit.com,"$256,095.00"
YourTicket.com,"$256,095.00"
Merchandiser.com,"$254,095.00"
BusinessModel.com,"$249,095.00"
MyPayments.com,"$249,095.00"
my.cc,"$239,999.00"
GoldBets.com,"$225,095.00"
OfferProp.com,"$219,000.00"
FitMen.com,"$215,095.00"
OnlineMedical.com,"$215,095.00"
HandTools.com,"$214,095.00"
HomeGood.com,"$214,095.00"
HouseServices.com,"$214,095.00"
ProjectCrypto.com,"$190,195.00"
AlertSystem.com,"$179,095.00"
FinancialLoan.com,"$179,095.00"
MyParts.com,"$179,095.00"
OnlineCart.com,"$179,095.00"
TurboJet.com,"$174,095.00"
HomeDecorations.com,"$173,995.00"
HomeSchooler.com,"$172,095.00"
OnlineCampus.com,"$163,095.00"
AutoAuctions.com,"$163,095.00"
Hisse.com,"$160,095.00"
LowGo.com,"$153,095.00"
BestThings.com,"$153,095.00"
CountryFurniture.com,"$153,095.00"
InSoul.com,"$153,095.00"
KitchenEssentials.com,"$153,095.00"
Race.net,"$151,695.00"
MyDiamond.com,"$150,095.00"
BedShop.com,"$150,095.00"
HairDesign.com,"$144,095.00"
Kredito.com,"$144,095.00"
Rankers.com,"$142,095.00"
SelfDriver.com,"$136,095.00"
BookList.com,"$136,095.00"
FastShare.com,"$136,095.00"
GameHall.com,"$136,095.00"
Wify.com,"$136,095.00"
Necklet.com,"$134,900.00"
Politics.net,"$134,695.00"
PayShip.com,"$134,095.00"
RoofingRepair.com,"$134,095.00"
FatTransfer.com,"$134,095.00"
MaxShopping.com,"$134,095.00"
Arabalar.com,"$133,895.00"
Css.net,"$133,295.00"
GreenSales.com,"$130,095.00"
TechnologyJobs.com,"$130,095.00"
music.cc,"$129,999.00"
BodyFix.com,"$129,095.00"
Bohem.com,"$128,095.00"
Chala.com,"$128,095.00"
OfficeRental.com,"$128,095.00"
Cilt.com,"$128,095.00"
Howable.com,"$124,500.00"
LocalJob.com,"$123,095.00"
Jugi.com,"$123,095.00"
TravelDirectory.com,"$123,095.00"
WatchSeries.com,"$121,095.00"
LineBacking.com,"$119,900.00"
Drink.net,"$119,095.00"
GreenProject.com,"$117,095.00"
TaxShield.com,"$117,095.00"
Muca.com,"$114,095.00"
Scooty.com,"$114,095.00"
CareerSolutions.com,"$111,095.00"
Econs.com,"$111,095.00"
Grase.com,"$111,095.00"
Senf.com,"$111,095.00"
Ryz.com,"$110,095.00"
CepTelefonu.com,"$108,095.00"
CrmSystem.com,"$108,095.00"
PartyBusRental.com,"$108,095.00"
PinPon.com,"$108,095.00"
UvSterilizer.com,"$108,095.00"
ArabEmirates.com,"$108,095.00"
LoanApplications.com,"$108,095.00"
Roading.com,"$108,095.00"
DebtSupport.com,"$107,095.00"
KitchenStyle.com,"$107,095.00"
PonPon.com,"$107,095.00"
Cila.com,"$103,095.00"
Kods.com,"$103,095.00"
OnlinePersonalTrainer.com,"$103,095.00"
SavingExpert.com,"$103,095.00"
ShareAll.com,"$103,095.00"
FitnessMotivation.com,"$102,095.00"
OneB.com,"$102,095.00"
Trinkets.com,"$102,095.00"
AskAQuestion.com,"$102,095.00"
DotGroup.com,"$102,095.00"
Phyo.com,"$102,095.00"
Trck.com,"$102,095.00"
Twap.com,"$102,095.00"
Ugoo.com,"$102,095.00"
Vesu.com,"$102,095.00"
SuccessTalent.com,"$100,000.00"
Contractors.org,"$96,695.00"
Endozoa.com,"$95,000.00"
AquaFizz.com,"$95,000.00"
TurbineRacing.com,"$95,000.00"
Untuned.com,"$94,900.00"
Aarex.com,"$94,495.00"
aftmkt.com,"$92,432.00"
EnergyCalculator.com,"$90,095.00"
FragranceOil.com,"$90,095.00"
LuxuryRoom.com,"$90,095.00"
ModularFurniture.com,"$90,095.00"
VacationHomeRental.com,"$90,095.00"
Numara.com,"$90,095.00"
PrivateShopping.com,"$90,095.00"
RoofReplacement.com,"$90,095.00"
BlueFishing.com,"$90,000.00"
Masorite.com,"$90,000.00"
MadResearch.com,"$89,900.00"
AboutU.com,"$89,095.00"
CountryCookers.com,"$89,000.00"
Dually.com,"$86,095.00"
Kebap.com,"$86,095.00"
TravelReservation.com,"$86,095.00"
AirCooler.com,"$86,095.00"
CasinoRooms.com,"$86,095.00"
Minery.com,"$86,095.00"
Refacing.com,"$86,095.00"
Umar.com,"$86,095.00"
BibleO.com,"$85,500.00"
FamilyTrips.com,"$85,095.00"
MedicalTools.com,"$85,095.00"
Peeling.com,"$85,095.00"
TrendyShoes.com,"$85,095.00"
DesertRetirement.com,"$85,000.00"
Landholders.com,"$82,195.00"
DjRemix.com,"$82,095.00"
Cager.com,"$81,095.00"
IWomen.com,"$81,095.00"
RusticDecor.com,"$81,095.00"
Yozi.com,"$81,095.00"
Bookmarking.com,"$81,095.00"
BookScout.com,"$81,095.00"
LoanProvider.com,"$81,095.00"
MarketingTraining.com,"$81,095.00"
Aadaa.com,"$79,195.00"
Konakla.com,"$77,195.00"
OrthopedicShoes.com,"$75,095.00"
Avantaj.com,"$75,095.00"
Emeklilik.com,"$75,095.00"
LedPanel.com,"$75,095.00"
ProxyList.com,"$75,095.00"
SimCards.com,"$75,095.00"
Mr.co.uk,"$75,095.00"
CentralDecor.com,"$74,900.00"
If.co.uk,"$74,495.00"
RadioShow.com,"$74,095.00"
Hypersensibility.com,"$74,000.00"
Talue.com,"$74,000.00"
Scisa.com,"$72,595.00"
CashSystem.com,"$72,095.00"
Ricer.com,"$72,095.00"
3tr.com,"$72,095.00"
DoubleBed.com,"$72,095.00"
TorrentDownload.com,"$72,095.00"
Bear.net,"$71,195.00"
GamingDesk.com,"$71,095.00"
Forij.com,"$70,095.00"
CounterShock.com,"$70,000.00"
LlShi.com,"$69,795.00"
FaroFinancial.com,"$69,195.00"
Esya.com,"$69,095.00"
Sp.co.uk,"$68,895.00"
Elimination.com,"$68,095.00"
FlightPlanner.com,"$68,095.00"
Segt.com,"$68,095.00"
TheShake.com,"$68,095.00"
CareerAtHome.com,"$68,095.00"
JewelryDesign.com,"$68,095.00"
MedicalLoans.com,"$68,095.00"
Toppings.com,"$68,095.00"
Vogu.com,"$67,095.00"
Youw.com,"$67,095.00"
webcams.net,"$66,640.00"
Tolga.com,"$66,095.00"
Maddies.com,"$65,095.00"
JumpWord.com,"$64,800.00"
Apartman.com,"$64,095.00"
BodyContour.com,"$64,095.00"
GamingKeyboard.com,"$64,095.00"
HealthGuides.com,"$64,095.00"
LoveLocks.com,"$64,095.00"
NetworkConsultants.com,"$64,095.00"
PersonalDriver.com,"$64,095.00"
Prefabrication.com,"$64,095.00"
ThermalWear.com,"$64,095.00"
VillaDesign.com,"$64,095.00"
Eskici.com,"$64,095.00"
FashionClothes.com,"$64,095.00"
PolyRisk.com,"$63,895.00"
Savly.com,"$62,495.00"
Oy.co.uk,"$62,195.00"
PrettyFuckingAwesome.com,"$61,995.00"
quasar.net,"$61,778.00"
Jetie.com,"$61,595.00"
PatioClearance.com,"$61,300.00"
Gc2.com,"$61,095.00"
FindName.com,"$61,095.00"
Ebank.net,"$60,395.00"
Davet.com,"$60,095.00"
GamePoker.com,"$60,095.00"
Sezon.com,"$60,095.00"
WallTiles.com,"$60,095.00"
Adorer.com,"$60,000.00"
ElectricalEngine.com,"$59,800.00"
FoldingPhone.com,"$58,888.00"
PreciousStones.com,"$58,095.00"
Nominations.com,"$58,095.00"
MomentumLabs.com,"$57,795.00"
Cosignatory.com,"$57,700.00"
Pawak.com,"$57,395.00"
Beadwork.com,"$57,095.00"
Chave.com,"$57,095.00"
Motte.com,"$57,095.00"
Reyhan.com,"$57,095.00"
RunningWorld.com,"$57,095.00"
SmartMetal.com,"$57,095.00"
StyleFashion.com,"$57,095.00"
WorkHours.com,"$57,095.00"
Dentical.com,"$57,095.00"
FunTest.com,"$57,095.00"
NextYear.com,"$57,095.00"
TorrentDownloads.com,"$57,095.00"
TheCottages.com,"$56,095.00"
FullAccounting.com,"$56,000.00"
Oz.uk,"$55,595.00"
GradingBook.com,"$55,095.00"
FireJuggling.com,"$55,000.00"
Mr.uk,"$54,995.00"
Od.uk,"$54,595.00"
He.co.uk,"$54,395.00"
Externals.org,"$54,332.00"
HomeSolarPanels.com,"$54,095.00"
ItalianRecipes.com,"$54,095.00"
Kadinlar.com,"$54,095.00"
MyDestinations.com,"$54,095.00"
SofaCovers.com,"$54,095.00"
Commis.com,"$54,095.00"
DirectShare.com,"$54,095.00"
OnlineStreaming.com,"$54,095.00"
Valiz.com,"$54,095.00"
WholesaleTires.com,"$54,095.00"
BerryWild.com,"$54,000.00"
Ta.uk,"$53,895.00"
Wb.uk,"$53,195.00"
Ta.co.uk,"$52,995.00"
FashionStores.com,"$52,095.00"
Formular.com,"$52,095.00"
MotorcycleDealers.com,"$52,095.00"
PlasmaAuthority.com,"$52,000.00"
SavageDog.com,"$51,800.00"
HeelsProtection.com,"$51,495.00"
BankSystem.com,"$51,095.00"
CoalMine.com,"$51,095.00"
DownloadTorrent.com,"$51,095.00"
E-Hotel.com,"$50,095.00"
Encrypts.com,"$50,095.00"
ExpertAdvisors.com,"$50,095.00"
Kofte.com,"$50,095.00"
Mechanika.com,"$50,095.00"
MovieStreams.com,"$50,095.00"
Akif.com,"$50,095.00"
Kosk.com,"$50,095.00"
LanguageSchools.com,"$50,095.00"
LuxuryCosmetics.com,"$50,095.00"
PlayScript.com,"$50,095.00"
UsedTractors.com,"$50,095.00"
VoterProtection.com,"$50,095.00"
MicroMeteorite.com,"$50,000.00"
Annulets.com,"$50,000.00"
AnswerPile.com,"$50,000.00"
Destroyable.com,"$50,000.00"
getfacts.com,"$49,809.00"
web3simulator.com,"$49,789.00"
weinercise.com,"$49,789.00"
nftns.com,"$49,758.00"
pushlets.com,"$49,758.00"
louise.cc,"$49,758.00"
mondo.cc,"$49,758.00"
nine.cc,"$49,758.00"
olympic.cc,"$49,758.00"
palace.cc,"$49,758.00"
payment.cc,"$49,758.00"
policy.cc,"$49,758.00"
pop.cc,"$49,758.00"
pray.cc,"$49,758.00"
prod.cc,"$49,758.00"
rap.cc,"$49,758.00"
redirect.cc,"$49,758.00"
registered.cc,"$49,758.00"
renting.cc,"$49,758.00"
reserve.cc,"$49,758.00"
rsvp.cc,"$49,758.00"
sandbox.cc,"$49,758.00"
loki.cc,"$49,758.00"
lunch.cc,"$49,758.00"
man.cc,"$49,758.00"
mediate.cc,"$49,758.00"
menu.cc,"$49,758.00"
menus.cc,"$49,758.00"
misc.cc,"$49,758.00"
mix.cc,"$49,758.00"
momentous.cc,"$49,758.00"
monthly.cc,"$49,758.00"
movietrailers.cc,"$49,758.00"
newwave.cc,"$49,758.00"
niles.cc,"$49,758.00"
none.cc,"$49,758.00"
partner.cc,"$49,758.00"
plain.cc,"$49,758.00"
pops.cc,"$49,758.00"
popup.cc,"$49,758.00"
powers.cc,"$49,758.00"
premiere.cc,"$49,758.00"
punk.cc,"$49,758.00"
question.cc,"$49,758.00"
records.cc,"$49,758.00"
referral.cc,"$49,758.00"
remix.cc,"$49,758.00"
restricted.cc,"$49,758.00"
reverse.cc,"$49,758.00"
school.cc,"$49,758.00"
seoul.cc,"$49,758.00"
Suugo.com,"$49,595.00"
SocialScience.com,"$49,095.00"
employeedata.com,"$48,942.00"
employment.cc,"$48,942.00"
exe.cc,"$48,942.00"
exit.cc,"$48,942.00"
five.cc,"$48,942.00"
freeemail.cc,"$48,942.00"
greg.cc,"$48,942.00"
hip.cc,"$48,942.00"
hoyt.cc,"$48,942.00"
jobfind.cc,"$48,942.00"
kean.cc,"$48,942.00"
korean.cc,"$48,942.00"
label.cc,"$48,942.00"
landscape.cc,"$48,942.00"
lawsuit.cc,"$48,942.00"
fees.cc,"$48,942.00"
four.cc,"$48,942.00"
freaks.cc,"$48,942.00"
fremont.cc,"$48,942.00"
funk.cc,"$48,942.00"
furs.cc,"$48,942.00"
gabe.cc,"$48,942.00"
gabekean.cc,"$48,942.00"
golden.cc,"$48,942.00"
gregmyers.cc,"$48,942.00"
grover.cc,"$48,942.00"
guess.cc,"$48,942.00"
hint.cc,"$48,942.00"
hiphop.cc,"$48,942.00"
hire.cc,"$48,942.00"
hop.cc,"$48,942.00"
inter.cc,"$48,942.00"
internal.cc,"$48,942.00"
isle.cc,"$48,942.00"
italian.cc,"$48,942.00"
jazz.cc,"$48,942.00"
jill.cc,"$48,942.00"
joe.cc,"$48,942.00"
john.cc,"$48,942.00"
key.cc,"$48,942.00"
keys.cc,"$48,942.00"
labs.cc,"$48,942.00"
language.cc,"$48,942.00"
lars.cc,"$48,942.00"
launch.cc,"$48,942.00"
lense.cc,"$48,942.00"
litigation.cc,"$48,942.00"
liverpool.cc,"$48,942.00"
about.cc,"$48,932.00"
auth.cc,"$48,932.00"
beta.cc,"$48,932.00"
blades.cc,"$48,932.00"
bloke.cc,"$48,932.00"
brice.cc,"$48,932.00"
buysoftware.cc,"$48,932.00"
cdrom.cc,"$48,932.00"
cgi.cc,"$48,932.00"
cheers.cc,"$48,932.00"
cold.cc,"$48,932.00"
coldcut.cc,"$48,932.00"
creditreport.cc,"$48,932.00"
cyber.cc,"$48,932.00"
dancemusic.cc,"$48,932.00"
eight.cc,"$48,932.00"
accident.cc,"$48,932.00"
acquisition.cc,"$48,932.00"
active.cc,"$48,932.00"
antique.cc,"$48,932.00"
any.cc,"$48,932.00"
arthur.cc,"$48,932.00"
calendar.cc,"$48,932.00"
chocolate.cc,"$48,932.00"
cookie.cc,"$48,932.00"
cotton.cc,"$48,932.00"
craps.cc,"$48,932.00"
current.cc,"$48,932.00"
cuts.cc,"$48,932.00"
discs.cc,"$48,932.00"
domani.cc,"$48,932.00"
election.cc,"$48,932.00"
employ.cc,"$48,932.00"
videocams.net,"$48,210.00"
Pwds.com,"$48,095.00"
Qrty.com,"$48,095.00"
AquaBus.com,"$48,095.00"
BabyParty.com,"$48,095.00"
Cakra.com,"$48,095.00"
Mesafe.com,"$48,095.00"
techassociation.com,"$48,067.00"
DoubleBrewed.com,"$48,000.00"
FederalPatrol.com,"$48,000.00"
CubiclePranks.com,"$47,900.00"
Becue.com,"$47,900.00"
SunsetCharter.com,"$47,900.00"
Infracted.com,"$47,800.00"
HealthyVitamins.com,"$47,095.00"
TrendyClothes.com,"$47,095.00"
Oy.uk,"$46,695.00"
Bf.uk,"$46,495.00"
Ez.uk,"$46,495.00"
BuildingContractors.com,"$46,295.00"
ModularKitchen.com,"$46,095.00"
PrivateJobs.com,"$46,095.00"
Aioa.com,"$46,095.00"
SpoofAttack.com,"$46,000.00"
If.uk,"$45,795.00"
GreenBroccoli.com,"$45,500.00"
Parvenue.com,"$45,295.00"
DrivingLicence.com,"$45,095.00"
Ilham.com,"$45,095.00"
Nyxx.com,"$45,095.00"
Parite.com,"$45,095.00"
Rapor.com,"$45,095.00"
SearchFlights.com,"$45,095.00"
Faults.com,"$45,095.00"
GamingComputer.com,"$45,095.00"
Mimarlik.com,"$45,095.00"
MovieTorrents.com,"$45,095.00"
PokerSets.com,"$45,095.00"
ShowerCurtain.com,"$45,095.00"
Uzak.com,"$45,095.00"
QuantSystem.com,"$44,795.00"
ItchProof.com,"$44,500.00"
ScratchCredit.com,"$44,395.00"
Wb.co.uk,"$44,195.00"
CreditScoreRepair.com,"$44,095.00"
Hesapla.com,"$44,095.00"
InternationalHotels.com,"$44,095.00"
AlertSystems.com,"$44,095.00"
Amik.com,"$44,095.00"
BakeryShop.com,"$44,095.00"
GardenLights.com,"$44,095.00"
Koyun.com,"$44,095.00"
Pamuk.com,"$44,095.00"
SpecialServices.com,"$44,095.00"
PreserveFlorida.com,"$44,000.00"
ProjectedProfits.com,"$44,000.00"
RedPagoda.com,"$43,800.00"
WanderlustStyles.com,"$43,500.00"
ResearchOnline.com,"$43,095.00"
Agricole.com,"$43,095.00"
DailyMag.com,"$43,095.00"
LoungeBar.com,"$43,095.00"
MySurprise.com,"$43,095.00"
Zu.uk,"$42,795.00"
CorporateBroadband.com,"$42,400.00"
LuxuryWedding.com,"$42,095.00"
PowerScooter.com,"$42,095.00"
discountresource.com,"$42,087.00"
Vapourous.com,"$42,000.00"
Zolen.com,"$42,000.00"
GamePromoter.com,"$41,500.00"
metatool.com,"$41,260.00"
SelfDrivingCar.com,"$949,900.00"
CreditScores.com,"$823,995.00"
Yol.com,"$775,095.00"
PriceAlert.com,"$620,095.00"
NotionsArmor.com,"$500,000.00"
BetTips.com,"$495,895.00"
GovernmentRunHealthcare.com,"$350,000.00"
BetPlace.com,"$345,095.00"
ClickOn.com,"$344,095.00"
JobAlert.com,"$344,095.00"
PotPot.com,"$309,095.00"
CashClearance.com,"$299,900.00"
ByeBye.com,"$287,095.00"
Destinos.com,"$270,095.00"
ExtraFit.com,"$256,095.00"
YourTicket.com,"$256,095.00"
Merchandiser.com,"$254,095.00"
BusinessModel.com,"$249,095.00"
MyPayments.com,"$249,095.00"
my.cc,"$239,999.00"
GoldBets.com,"$225,095.00"
OfferProp.com,"$219,000.00"
FitMen.com,"$215,095.00"
OnlineMedical.com,"$215,095.00"
HandTools.com,"$214,095.00"
HomeGood.com,"$214,095.00"
HouseServices.com,"$214,095.00"
ProjectCrypto.com,"$190,195.00"
AlertSystem.com,"$179,095.00"
FinancialLoan.com,"$179,095.00"
MyParts.com,"$179,095.00"
OnlineCart.com,"$179,095.00"
TurboJet.com,"$174,095.00"
HomeDecorations.com,"$173,995.00"
HomeSchooler.com,"$172,095.00"
OnlineCampus.com,"$163,095.00"
AutoAuctions.com,"$163,095.00"
Hisse.com,"$160,095.00"
LowGo.com,"$153,095.00"
BestThings.com,"$153,095.00"
CountryFurniture.com,"$153,095.00"
InSoul.com,"$153,095.00"
KitchenEssentials.com,"$153,095.00"
Race.net,"$151,695.00"
MyDiamond.com,"$150,095.00"
BedShop.com,"$150,095.00"
HairDesign.com,"$144,095.00"
Kredito.com,"$144,095.00"
Rankers.com,"$142,095.00"
SelfDriver.com,"$136,095.00"
BookList.com,"$136,095.00"
FastShare.com,"$136,095.00"
GameHall.com,"$136,095.00"
Wify.com,"$136,095.00"
Necklet.com,"$134,900.00"
Politics.net,"$134,695.00"
PayShip.com,"$134,095.00"
RoofingRepair.com,"$134,095.00"
FatTransfer.com,"$134,095.00"
MaxShopping.com,"$134,095.00"
Arabalar.com,"$133,895.00"
Css.net,"$133,295.00"
GreenSales.com,"$130,095.00"
TechnologyJobs.com,"$130,095.00"
music.cc,"$129,999.00"
BodyFix.com,"$129,095.00"
Bohem.com,"$128,095.00"
Chala.com,"$128,095.00"
OfficeRental.com,"$128,095.00"
Cilt.com,"$128,095.00"
Howable.com,"$124,500.00"
LocalJob.com,"$123,095.00"
Jugi.com,"$123,095.00"
TravelDirectory.com,"$123,095.00"
WatchSeries.com,"$121,095.00"
LineBacking.com,"$119,900.00"
Drink.net,"$119,095.00"
GreenProject.com,"$117,095.00"
TaxShield.com,"$117,095.00"
Muca.com,"$114,095.00"
Scooty.com,"$114,095.00"
CareerSolutions.com,"$111,095.00"
Econs.com,"$111,095.00"
Grase.com,"$111,095.00"
Senf.com,"$111,095.00"
Ryz.com,"$110,095.00"
CepTelefonu.com,"$108,095.00"
CrmSystem.com,"$108,095.00"
PartyBusRental.com,"$108,095.00"
PinPon.com,"$108,095.00"
UvSterilizer.com,"$108,095.00"
ArabEmirates.com,"$108,095.00"
LoanApplications.com,"$108,095.00"
Roading.com,"$108,095.00"
DebtSupport.com,"$107,095.00"
KitchenStyle.com,"$107,095.00"
PonPon.com,"$107,095.00"
Cila.com,"$103,095.00"
Kods.com,"$103,095.00"
OnlinePersonalTrainer.com,"$103,095.00"
SavingExpert.com,"$103,095.00"
ShareAll.com,"$103,095.00"
FitnessMotivation.com,"$102,095.00"
OneB.com,"$102,095.00"
Trinkets.com,"$102,095.00"
AskAQuestion.com,"$102,095.00"
DotGroup.com,"$102,095.00"
Phyo.com,"$102,095.00"
Trck.com,"$102,095.00"
Twap.com,"$102,095.00"
Ugoo.com,"$102,095.00"
Vesu.com,"$102,095.00"
SuccessTalent.com,"$100,000.00"
Contractors.org,"$96,695.00"
Endozoa.com,"$95,000.00"
AquaFizz.com,"$95,000.00"
TurbineRacing.com,"$95,000.00"
Untuned.com,"$94,900.00"
Aarex.com,"$94,495.00"
aftmkt.com,"$92,432.00"
EnergyCalculator.com,"$90,095.00"
FragranceOil.com,"$90,095.00"
LuxuryRoom.com,"$90,095.00"
ModularFurniture.com,"$90,095.00"
VacationHomeRental.com,"$90,095.00"
Numara.com,"$90,095.00"
PrivateShopping.com,"$90,095.00"
RoofReplacement.com,"$90,095.00"
BlueFishing.com,"$90,000.00"
Masorite.com,"$90,000.00"
MadResearch.com,"$89,900.00"
AboutU.com,"$89,095.00"
CountryCookers.com,"$89,000.00"
Dually.com,"$86,095.00"
Kebap.com,"$86,095.00"
TravelReservation.com,"$86,095.00"
AirCooler.com,"$86,095.00"
CasinoRooms.com,"$86,095.00"
Minery.com,"$86,095.00"
Refacing.com,"$86,095.00"
Umar.com,"$86,095.00"
BibleO.com,"$85,500.00"
FamilyTrips.com,"$85,095.00"
MedicalTools.com,"$85,095.00"
Peeling.com,"$85,095.00"
TrendyShoes.com,"$85,095.00"
DesertRetirement.com,"$85,000.00"
Landholders.com,"$82,195.00"
DjRemix.com,"$82,095.00"
Cager.com,"$81,095.00"
IWomen.com,"$81,095.00"
RusticDecor.com,"$81,095.00"
Yozi.com,"$81,095.00"
Bookmarking.com,"$81,095.00"
BookScout.com,"$81,095.00"
LoanProvider.com,"$81,095.00"
MarketingTraining.com,"$81,095.00"
Aadaa.com,"$79,195.00"
Konakla.com,"$77,195.00"
OrthopedicShoes.com,"$75,095.00"
Avantaj.com,"$75,095.00"
Emeklilik.com,"$75,095.00"
LedPanel.com,"$75,095.00"
ProxyList.com,"$75,095.00"
SimCards.com,"$75,095.00"
Mr.co.uk,"$75,095.00"
CentralDecor.com,"$74,900.00"
If.co.uk,"$74,495.00"
RadioShow.com,"$74,095.00"
Hypersensibility.com,"$74,000.00"
Talue.com,"$74,000.00"
Scisa.com,"$72,595.00"
CashSystem.com,"$72,095.00"
Ricer.com,"$72,095.00"
3tr.com,"$72,095.00"
DoubleBed.com,"$72,095.00"
TorrentDownload.com,"$72,095.00"
Bear.net,"$71,195.00"
GamingDesk.com,"$71,095.00"
Forij.com,"$70,095.00"
CounterShock.com,"$70,000.00"
LlShi.com,"$69,795.00"
FaroFinancial.com,"$69,195.00"
Esya.com,"$69,095.00"
Sp.co.uk,"$68,895.00"
Elimination.com,"$68,095.00"
FlightPlanner.com,"$68,095.00"
Segt.com,"$68,095.00"
TheShake.com,"$68,095.00"
CareerAtHome.com,"$68,095.00"
JewelryDesign.com,"$68,095.00"
MedicalLoans.com,"$68,095.00"
Toppings.com,"$68,095.00"
Vogu.com,"$67,095.00"
Youw.com,"$67,095.00"
webcams.net,"$66,640.00"
Tolga.com,"$66,095.00"
Maddies.com,"$65,095.00"
JumpWord.com,"$64,800.00"
Apartman.com,"$64,095.00"
BodyContour.com,"$64,095.00"
GamingKeyboard.com,"$64,095.00"
HealthGuides.com,"$64,095.00"
LoveLocks.com,"$64,095.00"
NetworkConsultants.com,"$64,095.00"
PersonalDriver.com,"$64,095.00"
Prefabrication.com,"$64,095.00"
ThermalWear.com,"$64,095.00"
VillaDesign.com,"$64,095.00"
Eskici.com,"$64,095.00"
FashionClothes.com,"$64,095.00"
PolyRisk.com,"$63,895.00"
Savly.com,"$62,495.00"
Oy.co.uk,"$62,195.00"
PrettyFuckingAwesome.com,"$61,995.00"
quasar.net,"$61,778.00"
Jetie.com,"$61,595.00"
PatioClearance.com,"$61,300.00"
Gc2.com,"$61,095.00"
FindName.com,"$61,095.00"
Ebank.net,"$60,395.00"
Davet.com,"$60,095.00"
GamePoker.com,"$60,095.00"
Sezon.com,"$60,095.00"
WallTiles.com,"$60,095.00"
Adorer.com,"$60,000.00"
ElectricalEngine.com,"$59,800.00"
FoldingPhone.com,"$58,888.00"
PreciousStones.com,"$58,095.00"
Nominations.com,"$58,095.00"
MomentumLabs.com,"$57,795.00"
Cosignatory.com,"$57,700.00"
Pawak.com,"$57,395.00"
Beadwork.com,"$57,095.00"
Chave.com,"$57,095.00"
Motte.com,"$57,095.00"
Reyhan.com,"$57,095.00"
RunningWorld.com,"$57,095.00"
SmartMetal.com,"$57,095.00"
StyleFashion.com,"$57,095.00"
WorkHours.com,"$57,095.00"
Dentical.com,"$57,095.00"
FunTest.com,"$57,095.00"
NextYear.com,"$57,095.00"
TorrentDownloads.com,"$57,095.00"
TheCottages.com,"$56,095.00"
FullAccounting.com,"$56,000.00"
Oz.uk,"$55,595.00"
GradingBook.com,"$55,095.00"
FireJuggling.com,"$55,000.00"
Mr.uk,"$54,995.00"
Od.uk,"$54,595.00"
He.co.uk,"$54,395.00"
Externals.org,"$54,332.00"
HomeSolarPanels.com,"$54,095.00"
ItalianRecipes.com,"$54,095.00"
Kadinlar.com,"$54,095.00"
MyDestinations.com,"$54,095.00"
SofaCovers.com,"$54,095.00"
Commis.com,"$54,095.00"
DirectShare.com,"$54,095.00"
OnlineStreaming.com,"$54,095.00"
Valiz.com,"$54,095.00"
WholesaleTires.com,"$54,095.00"
BerryWild.com,"$54,000.00"
Ta.uk,"$53,895.00"
Wb.uk,"$53,195.00"
Ta.co.uk,"$52,995.00"
FashionStores.com,"$52,095.00"
Formular.com,"$52,095.00"
MotorcycleDealers.com,"$52,095.00"
PlasmaAuthority.com,"$52,000.00"
SavageDog.com,"$51,800.00"
HeelsProtection.com,"$51,495.00"
BankSystem.com,"$51,095.00"
CoalMine.com,"$51,095.00"
DownloadTorrent.com,"$51,095.00"
E-Hotel.com,"$50,095.00"
Encrypts.com,"$50,095.00"
ExpertAdvisors.com,"$50,095.00"
Kofte.com,"$50,095.00"
Mechanika.com,"$50,095.00"
MovieStreams.com,"$50,095.00"
Akif.com,"$50,095.00"
Kosk.com,"$50,095.00"
LanguageSchools.com,"$50,095.00"
LuxuryCosmetics.com,"$50,095.00"
PlayScript.com,"$50,095.00"
UsedTractors.com,"$50,095.00"
VoterProtection.com,"$50,095.00"
MicroMeteorite.com,"$50,000.00"
Annulets.com,"$50,000.00"
AnswerPile.com,"$50,000.00"
Destroyable.com,"$50,000.00"
getfacts.com,"$49,809.00"
web3simulator.com,"$49,789.00"
weinercise.com,"$49,789.00"
nftns.com,"$49,758.00"
pushlets.com,"$49,758.00"
louise.cc,"$49,758.00"
mondo.cc,"$49,758.00"
nine.cc,"$49,758.00"
olympic.cc,"$49,758.00"
palace.cc,"$49,758.00"
payment.cc,"$49,758.00"
policy.cc,"$49,758.00"
pop.cc,"$49,758.00"
pray.cc,"$49,758.00"
prod.cc,"$49,758.00"
rap.cc,"$49,758.00"
redirect.cc,"$49,758.00"
registered.cc,"$49,758.00"
renting.cc,"$49,758.00"
reserve.cc,"$49,758.00"
rsvp.cc,"$49,758.00"
sandbox.cc,"$49,758.00"
loki.cc,"$49,758.00"
lunch.cc,"$49,758.00"
man.cc,"$49,758.00"
mediate.cc,"$49,758.00"
menu.cc,"$49,758.00"
menus.cc,"$49,758.00"
misc.cc,"$49,758.00"
mix.cc,"$49,758.00"
momentous.cc,"$49,758.00"
monthly.cc,"$49,758.00"
movietrailers.cc,"$49,758.00"
newwave.cc,"$49,758.00"
niles.cc,"$49,758.00"
none.cc,"$49,758.00"
partner.cc,"$49,758.00"
plain.cc,"$49,758.00"
pops.cc,"$49,758.00"
popup.cc,"$49,758.00"
powers.cc,"$49,758.00"
premiere.cc,"$49,758.00"
punk.cc,"$49,758.00"
question.cc,"$49,758.00"
records.cc,"$49,758.00"
referral.cc,"$49,758.00"
remix.cc,"$49,758.00"
restricted.cc,"$49,758.00"
reverse.cc,"$49,758.00"
school.cc,"$49,758.00"
seoul.cc,"$49,758.00"
Suugo.com,"$49,595.00"
SocialScience.com,"$49,095.00"
employeedata.com,"$48,942.00"
employment.cc,"$48,942.00"
exe.cc,"$48,942.00"
exit.cc,"$48,942.00"
five.cc,"$48,942.00"
freeemail.cc,"$48,942.00"
greg.cc,"$48,942.00"
hip.cc,"$48,942.00"
hoyt.cc,"$48,942.00"
jobfind.cc,"$48,942.00"
kean.cc,"$48,942.00"
korean.cc,"$48,942.00"
label.cc,"$48,942.00"
landscape.cc,"$48,942.00"
lawsuit.cc,"$48,942.00"
fees.cc,"$48,942.00"
four.cc,"$48,942.00"
freaks.cc,"$48,942.00"
fremont.cc,"$48,942.00"
funk.cc,"$48,942.00"
furs.cc,"$48,942.00"
gabe.cc,"$48,942.00"
gabekean.cc,"$48,942.00"
golden.cc,"$48,942.00"
gregmyers.cc,"$48,942.00"
grover.cc,"$48,942.00"
guess.cc,"$48,942.00"
hint.cc,"$48,942.00"
hiphop.cc,"$48,942.00"
hire.cc,"$48,942.00"
hop.cc,"$48,942.00"
inter.cc,"$48,942.00"
internal.cc,"$48,942.00"
isle.cc,"$48,942.00"
italian.cc,"$48,942.00"
jazz.cc,"$48,942.00"
jill.cc,"$48,942.00"
joe.cc,"$48,942.00"
john.cc,"$48,942.00"
key.cc,"$48,942.00"
keys.cc,"$48,942.00"
labs.cc,"$48,942.00"
language.cc,"$48,942.00"
lars.cc,"$48,942.00"
launch.cc,"$48,942.00"
lense.cc,"$48,942.00"
litigation.cc,"$48,942.00"
liverpool.cc,"$48,942.00"
about.cc,"$48,932.00"
auth.cc,"$48,932.00"
beta.cc,"$48,932.00"
blades.cc,"$48,932.00"
bloke.cc,"$48,932.00"
brice.cc,"$48,932.00"
buysoftware.cc,"$48,932.00"
cdrom.cc,"$48,932.00"
cgi.cc,"$48,932.00"
cheers.cc,"$48,932.00"
cold.cc,"$48,932.00"
coldcut.cc,"$48,932.00"
creditreport.cc,"$48,932.00"
cyber.cc,"$48,932.00"
dancemusic.cc,"$48,932.00"
eight.cc,"$48,932.00"
accident.cc,"$48,932.00"
acquisition.cc,"$48,932.00"
active.cc,"$48,932.00"
antique.cc,"$48,932.00"
any.cc,"$48,932.00"
arthur.cc,"$48,932.00"
calendar.cc,"$48,932.00"
chocolate.cc,"$48,932.00"
cookie.cc,"$48,932.00"
cotton.cc,"$48,932.00"
craps.cc,"$48,932.00"
current.cc,"$48,932.00"
cuts.cc,"$48,932.00"
discs.cc,"$48,932.00"
domani.cc,"$48,932.00"
election.cc,"$48,932.00"
employ.cc,"$48,932.00"
videocams.net,"$48,210.00"
Pwds.com,"$48,095.00"
Qrty.com,"$48,095.00"
AquaBus.com,"$48,095.00"
BabyParty.com,"$48,095.00"
Cakra.com,"$48,095.00"
Mesafe.com,"$48,095.00"
techassociation.com,"$48,067.00"
DoubleBrewed.com,"$48,000.00"
FederalPatrol.com,"$48,000.00"
CubiclePranks.com,"$47,900.00"
Becue.com,"$47,900.00"
SunsetCharter.com,"$47,900.00"
Infracted.com,"$47,800.00"
HealthyVitamins.com,"$47,095.00"
TrendyClothes.com,"$47,095.00"
Oy.uk,"$46,695.00"
Bf.uk,"$46,495.00"
Ez.uk,"$46,495.00"
BuildingContractors.com,"$46,295.00"
ModularKitchen.com,"$46,095.00"
PrivateJobs.com,"$46,095.00"
Aioa.com,"$46,095.00"
SpoofAttack.com,"$46,000.00"
If.uk,"$45,795.00"
GreenBroccoli.com,"$45,500.00"
Parvenue.com,"$45,295.00"
DrivingLicence.com,"$45,095.00"
Ilham.com,"$45,095.00"
Nyxx.com,"$45,095.00"
Parite.com,"$45,095.00"
Rapor.com,"$45,095.00"
SearchFlights.com,"$45,095.00"
Faults.com,"$45,095.00"
GamingComputer.com,"$45,095.00"
Mimarlik.com,"$45,095.00"
MovieTorrents.com,"$45,095.00"
PokerSets.com,"$45,095.00"
ShowerCurtain.com,"$45,095.00"
Uzak.com,"$45,095.00"
QuantSystem.com,"$44,795.00"
ItchProof.com,"$44,500.00"
ScratchCredit.com,"$44,395.00"
Wb.co.uk,"$44,195.00"
CreditScoreRepair.com,"$44,095.00"
Hesapla.com,"$44,095.00"
InternationalHotels.com,"$44,095.00"
AlertSystems.com,"$44,095.00"
Amik.com,"$44,095.00"
BakeryShop.com,"$44,095.00"
GardenLights.com,"$44,095.00"
Koyun.com,"$44,095.00"
Pamuk.com,"$44,095.00"
SpecialServices.com,"$44,095.00"
PreserveFlorida.com,"$44,000.00"
ProjectedProfits.com,"$44,000.00"
RedPagoda.com,"$43,800.00"
WanderlustStyles.com,"$43,500.00"
ResearchOnline.com,"$43,095.00"
Agricole.com,"$43,095.00"
DailyMag.com,"$43,095.00"
LoungeBar.com,"$43,095.00"
MySurprise.com,"$43,095.00"
Zu.uk,"$42,795.00"
CorporateBroadband.com,"$42,400.00"
LuxuryWedding.com,"$42,095.00"
PowerScooter.com,"$42,095.00"
discountresource.com,"$42,087.00"
Vapourous.com,"$42,000.00"
Zolen.com,"$42,000.00"
GamePromoter.com,"$41,500.00"
metatool.com,"$41,260.00"
